r,dataset,N,VTree Time,Baseline Time,VBetter
0,PubChem15.txt,10648,1.11355,0.00095989,
1,PubChem15.txt,10648,0.867634,0.0018266,
2,PubChem15.txt,10648,0.693269,0.00232433,
3,PubChem15.txt,10648,0.950452,0.00788418,
4,PubChem15.txt,10648,0.40481,0.0299684,
5,PubChem15.txt,10648,0.255755,0.106115,
6,PubChem15.txt,10648,0.425258,0.365752,
7,PubChem15.txt,10648,1.22661,1.12621,
8,PubChem15.txt,10648,3.51858,3.31092,
9,PubChem15.txt,10648,9.50425,8.6419,
10,PubChem15.txt,10648,21.4695,18.3217,